objectid,sort_index,parentid,admin_notes,title,creator,date,description,subject,people,location,latitude,longitude,source,identifier,type,format,language,rights,rightsstatement,display_template,object_location,image_small,image_thumb,image_alt_text,object_transcript,,,
grinnell_3601,1,,,Denise L. Iverson ’74 and Roxane D. Brown ’74 in the Black Cultural Center,"Henry, George T.",1971,Denise L. Iverson ’74 (at table) and Roxane D. Brown ’74 (at bookshelf) in the Black Cultural Center (BCC).,Life at Grinnell for Black Students;Concerned Black Students (CBS);Black Manifesto Demands,Denise L. Iverson ’74; Roxane D. Brown ’74,"Grinnell, IA",41.75300289,-92.72210871,Grinnell College,grinnell:3601,Image;StillImage,image/tiff,eng,"Copyright to this work is held by the author(s), in accordance with United States copyright law (USC 17). Readers of this work have certain rights as defined by the law, including but not limited to fair use (17 USC 107 et seq.).",,image,https://dgobjects.blob.core.windows.net/objs/grinnell_3601_OBJ.tiff,https://dgobjects.blob.core.windows.net/smalls/grinnell_3601_JPG.jpg,https://dgobjects.blob.core.windows.net/thumbs/grinnell_3601_TN.jpg,,,https://digital.grinnell.edu/islandora/object/grinnell:3601/datastream/OBJ,,https://digital.grinnell.edu/islandora/object/grinnell:3601/datastream/TN/view
grinnell_3611,2,,,Andrew Morgan Davis '71 and Professor McKibben at Burling Library,"Henry, George T.",1971,"Andrew Morgan Davis, class of 1971 and Professor McKibben at Burling Library.",Life at Grinnell for Black Students;Burling Library,Andrew Morgan Davis '71 ,"Grinnell, IA",41.74665973,-92.72017393,Grinnell College,grinnell:3611,Image;StillImage,image/tiff,eng,"Copyright to this work is held by the author(s), in accordance with United States copyright law (USC 17). Readers of this work have certain rights as defined by the law, including but not limited to fair use (17 USC 107 et seq.).",,image,https://dgobjects.blob.core.windows.net/objs/grinnell_3611_OBJ.tiff,https://dgobjects.blob.core.windows.net/smalls/grinnell_3611_JPG.jpg,https://dgobjects.blob.core.windows.net/thumbs/grinnell_3611_TN.jpg,,,https://digital.grinnell.edu/islandora/object/grinnell:3611/datastream/OBJ,,https://digital.grinnell.edu/islandora/object/grinnell:3611/datastream/TN/view
grinnell_3610,3,,,Outside of Burling Library and Forum,"Schultz, John",1974-05-03,Photo of the outside of Burling Library and Forum with Barbara L. Critton '75,Burling Library;Life at Grinnell for Black Students;Concerned Black Students (CBS),Barbara L. Critton '75,"Grinnell, IA",41.74665973,-92.72017393,Grinnell College,grinnell:5160,Image;StillImage,image/tiff,eng,"Copyright to this work is held by the author(s), in accordance with United States copyright law (USC 17). Readers of this work have certain rights as defined by the law, including but not limited to fair use (17 USC 107 et seq.).",,image,https://dgobjects.blob.core.windows.net/objs/grinnell_3610_OBJ.tiff,https://dgobjects.blob.core.windows.net/smalls/grinnell_3610_JPG.jpg,https://dgobjects.blob.core.windows.net/thumbs/grinnell_3610_TN.jpg,,,https://digital.grinnell.edu/islandora/object/grinnell:3610/datastream/OBJ,,https://digital.grinnell.edu/islandora/object/grinnell:3610/datastream/TN/view
grinnell_5555,4,,,Student Sleeping in Burling Library,"Henry, George T.",1969-04-02,Photo of a student sleeping on one of the sofas in Burling Library.,Burling Library,,"Grinnell, IA",41.74665973,-92.72017393,Grinnell College,grinnell:5555,Image;StillImage,image/tiff,eng,"Copyright to this work is held by the author(s), in accordance with United States copyright law (USC 17). Readers of this work have certain rights as defined by the law, including but not limited to fair use (17 USC 107 et seq.).",,image,,https://dgobjects.blob.core.windows.net/smalls/grinnell_5555_JPG.jpg,https://dgobjects.blob.core.windows.net/thumbs/grinnell_5555_TN.jpg,,,,,
grinnell_12920,5,,,"Students in Forum, March 1969","Mcmullin, Roger",1969-03,"Three African American students sit in the Forum, March 1969. Left to right: Mattye L. Nelson (class of 1969), Karen M. Wooldridge (class of 1972), and L. Sherri DesChaps (class of 1969).",Life at Grinnell for Black Students;Concerned Black Students (CBS),"Mattye Nelson '69; Karen Wooldridge, '68; L. Sherri DesChaps '69","Grinnell, IA",41.74768813,-92.72151893,Grinnell College,grinnell:12920,Image;StillImage,image/tiff,eng,"Copyright to this work is held by the author(s), in accordance with United States copyright law (USC 17). Readers of this work have certain rights as defined by the law, including but not limited to fair use (17 USC 107 et seq.).",,image,https://dgobjects.blob.core.windows.net/objs/grinnell_12920_OBJ.tiff,https://dgobjects.blob.core.windows.net/smalls/grinnell_12920_JPG.jpg,https://dgobjects.blob.core.windows.net/thumbs/grinnell_12920_TN.jpg,,,,,
dg_1711470539,6,,"This WAS a compound parent grinnell:4979 with 5 TIFF ""pages"" but I've converted it to a PDF",Proposal for Black Library,Concerned Black Students,1972-02,A proposal for the Randal Morgan Collection in Burling Basement,Burling Library;Burling Library Take Over of '71 & '72;Concerned Black Students (CBS);Black Library,,"Grinnell, IA",,,Grinnell College,grinnell:4979,text,application/pdf,eng,"Copyright to this work is held by the author(s), in accordance with United States copyright law (USC 17). Readers of this work have certain rights as defined by the law, including but not limited to fair use (17 USC 107 et seq.).",,pdf,https://dgobjects.blob.core.windows.net/objs/dg_1711470539_OBJ.pdf,https://dgobjects.blob.core.windows.net/smalls/dg_1711470539_JPG.jpg,https://dgobjects.blob.core.windows.net/thumbs/dg_1711470539_TN.jpg,,,,,
grinnell_4977,7,,,Speakeasy,Concerned Black Students,1970,An invitation from CBS to Speakeasy,Concerned Black Students (CBS);Life at Grinnell for Black Students,,"Grinnell, IA",,,Grinnell College,grinnell:4977,Ephemera;text,text/tiff,eng,"Copyright to this work is held by the author(s), in accordance with United States copyright law (USC 17). Readers of this work have certain rights as defined by the law, including but not limited to fair use (17 USC 107 et seq.).",,image,https://dgobjects.blob.core.windows.net/objs/grinnell_4977_OBJ.tiff,https://dgobjects.blob.core.windows.net/smalls/grinnell_4977_JPG.jpg,https://dgobjects.blob.core.windows.net/thumbs/grinnell_4977_TN.jpg,,,,,
grinnell_26787,8,,,ERA,"Farbes, Hubert '69",1969,"Students examining nature. Left to right: Hubert Farbes '69, Unknown.",Life at Grinnell for Black Students,Hubert Farbes '69,"Grinnell, IA",,,Grinnell College,grinnell:26787,Image;StillImage,image/tiff,eng,"Copyright to this work is held by the author(s), in accordance with United States copyright law (USC 17). Readers of this work have certain rights as defined by the law, including but not limited to fair use (17 USC 107 et seq.).",,image,https://dgobjects.blob.core.windows.net/objs/grinnell_26787_OBJ.tiff,https://dgobjects.blob.core.windows.net/smalls/grinnell_26787_JPG.jpg,https://dgobjects.blob.core.windows.net/thumbs/grinnell_26787_TN.jpg,,,,,
grinnell_5002,9,,,Black Expressions,,1969-03,"Photo of Booker T. Carter '71, Ernest T. Weston '71, Gregory M. Coggs '70, Frank E. Thomas '71",Life at Grinnell for Black Students,Booker T. Carter '71; Ernest T. Weston '71; Gregory M. Coggs '70; Frank E. Thomas '71,"Grinnell, IA",41.74768813,-92.72151893,Grinnell College,grinnell:5002,Image;StillImage,image/tiff,eng,"Copyright to this work is held by the author(s), in accordance with United States copyright law (USC 17). Readers of this work have certain rights as defined by the law, including but not limited to fair use (17 USC 107 et seq.).",,image,https://dgobjects.blob.core.windows.net/objs/grinnell_5002_OBJ.tiff,https://dgobjects.blob.core.windows.net/smalls/grinnell_5002_JPG.jpg,https://dgobjects.blob.core.windows.net/thumbs/grinnell_5002_TN.jpg,,,,,
grinnell_33987,10,,,"Alumni Recitation Hall, late 1960s",Tim Dartshorne;Ernie Rose,1969,"Students in the ARH, late 1960s. Ernie Rose, class of 1971, standing left; Timothy Dartshorne, class of 1971, sitting.",Life at Grinnell for Black Students,Ernie Rose'71,"Grinnell, IA",41.7485205,-92.72209265,Grinnell College,grinnell:33987,Image;StillImage,image/tiff,eng,"Copyright to this work is held by the author(s), in accordance with United States copyright law (USC 17). Readers of this work have certain rights as defined by the law, including but not limited to fair use (17 USC 107 et seq.).",,image,https://dgobjects.blob.core.windows.net/objs/grinnell_33987_OBJ.tiff,https://dgobjects.blob.core.windows.net/smalls/grinnell_33987_JPG.jpg,https://dgobjects.blob.core.windows.net/thumbs/grinnell_33987_TN.jpg,,,,,
grinnell_5161,11,,,"Careda Rolland, Milton Rolland & Edna Haggins",,1974-05-03,"Photo of Careda Rolland '76, Milton P. Rolland '75 & Edna Haggins",Life at Grinnell for Black Students,Careda Rolland '76; Milton P. Rolland '75; Edna Haggins,"Grinnell, IA",,,Grinnell College,grinnell:5161,Image;StillImage,image/tiff,eng,"Copyright to this work is held by the author(s), in accordance with United States copyright law (USC 17). Readers of this work have certain rights as defined by the law, including but not limited to fair use (17 USC 107 et seq.).",,image,https://dgobjects.blob.core.windows.net/objs/grinnell_5161_OBJ.tiff,https://dgobjects.blob.core.windows.net/smalls/grinnell_5161_JPG.jpg,https://dgobjects.blob.core.windows.net/thumbs/grinnell_5161_TN.jpg,,,,,
,12,,"""N/a"" mark from column A was removed for testing.  This line should get ignored.",Students Eating Outdoors,"George Bergstrom, Duane Taylor, Keith Legget",1971,"Students eating outside. Identified students: Duane Taylor '73 (center), Keith Legget '72 (second from right), George Bergstrom '72 (left).",Life at Grinnell for Black Students,Duane Taylor '73,"Grinnell, IA",,,Grinnell College,N/a,Image;StillImage,image/tiff,eng,"Copyright to this work is held by the author(s), in accordance with United States copyright law (USC 17). Readers of this work have certain rights as defined by the law, including but not limited to fair use (17 USC 107 et seq.).",,image,,,,,,,,
grinnell_5292,13,,,Burling 1970,,1970,Photo of students in Burling library during New Student Days.,Life at Grinnell for Black Students;Burling Library,,"Grinnell, IA",41.74665973,-92.72017393,Grinnell College,grinnell:5292,Image;StillImage,image/tiff,eng,"Copyright to this work is held by the author(s), in accordance with United States copyright law (USC 17). Readers of this work have certain rights as defined by the law, including but not limited to fair use (17 USC 107 et seq.).",,image,https://dgobjects.blob.core.windows.net/objs/grinnell_5292_OBJ.tiff,,https://dgobjects.blob.core.windows.net/thumbs/grinnell_5292_TN.jpg,,,,,
grinnell_5759,14,,,Black Martyr's Weekend,Office of College Relations,1971,Photo of Val Gray Ward speaking at the Black Martyr's Weekend,Life at Grinnell for Black Students;Concerned Black Students (CBS),,"Grinnell, IA",,,Grinnell College,grinnell:5759,Image;StillImage,image/tiff,eng,"Copyright to this work is held by the author(s), in accordance with United States copyright law (USC 17). Readers of this work have certain rights as defined by the law, including but not limited to fair use (17 USC 107 et seq.).",,image,https://dgobjects.blob.core.windows.net/objs/grinnell_5759_OBJ.tiff,https://dgobjects.blob.core.windows.net/smalls/grinnell_5759_JPG.jpg,https://dgobjects.blob.core.windows.net/thumbs/grinnell_5759_TN.jpg,,,,,
grinnell_5760,15,,,"Black Martyr's Weekend, 1971",Office of College Relations,1971,"Photograph of Dick Gregory speaking at the Black Martyr's Weekend, 1971.",Life at Grinnell for Black Students;Concerned Black Students (CBS),,"Grinnell, IA",,,Grinnell College,grinnell:5760,Image;StillImage,image/tiff,eng,"Copyright to this work is held by the author(s), in accordance with United States copyright law (USC 17). Readers of this work have certain rights as defined by the law, including but not limited to fair use (17 USC 107 et seq.).",,image,https://dgobjects.blob.core.windows.net/objs/grinnell_5760_OBJ.tiff,https://dgobjects.blob.core.windows.net/smalls/grinnell_5760_JPG.jpg,https://dgobjects.blob.core.windows.net/thumbs/grinnell_5760_TN.jpg,,,,,
grinnell_4962,16,,,"Black Martyrs' Weekend, April 2-5, 1971",,1971,Photograph of Dick Gregory speaking at the 1971 Black Martyrs' convocation.,Life at Grinnell for Black Students;Concerned Black Students (CBS),,"Grinnell, IA",,,Grinnell College,grinnell:4962,Image;StillImage,image/tiff,eng,"Copyright to this work is held by the author(s), in accordance with United States copyright law (USC 17). Readers of this work have certain rights as defined by the law, including but not limited to fair use (17 USC 107 et seq.).",,image,https://dgobjects.blob.core.windows.net/objs/grinnell_4962_OBJ.tiff,https://dgobjects.blob.core.windows.net/smalls/grinnell_4962_JPG.jpg,https://dgobjects.blob.core.windows.net/thumbs/grinnell_4962_TN.jpg,,,,,
grinnell_4960,17,,,"Black Martyrs' Weekend (April 3, 1969)",,1969-04-03,"Photograph of the Black Martyrs' Weekend Convocation in Herrick Chapel on April 3, 1969.",Life at Grinnell for Black Students;Concerned Black Students (CBS),,"Grinnell, IA",41.74764597,-92.72188976,Grinnell College,grinnell:4960,Image;StillImage,image/tiff,eng,"Copyright to this work is held by the author(s), in accordance with United States copyright law (USC 17). Readers of this work have certain rights as defined by the law, including but not limited to fair use (17 USC 107 et seq.).",,image,https://dgobjects.blob.core.windows.net/objs/grinnell_4960_OBJ.tiff,https://dgobjects.blob.core.windows.net/smalls/grinnell_4960_JPG.jpg,https://dgobjects.blob.core.windows.net/thumbs/grinnell_4960_TN.jpg,,,,,
grinnell_5775,18,,,New Student Moving In,"McMullin, Roger",1974,Moving in to dorms during New Student Days.,Life at Grinnell for Black Students;Black Manifesto Demands,,"Grinnell, IA",41.74992083,-92.72220284,Grinnell College,grinnell:5775,Image;StillImage,image/tiff,eng,"Copyright to this work is held by the author(s), in accordance with United States copyright law (USC 17). Readers of this work have certain rights as defined by the law, including but not limited to fair use (17 USC 107 et seq.).",,image,https://dgobjects.blob.core.windows.net/objs/grinnell_5775_OBJ.tiff,https://dgobjects.blob.core.windows.net/smalls/grinnell_5775_JPG.jpg,https://dgobjects.blob.core.windows.net/thumbs/grinnell_5775_TN.jpg,,,,,
grinnell_10568,19,,,A Mandate for Hypocrisy: The Black Studies Major at Grinnell College,Garrett P. Shelton,1997-11-18,"This is an essay chronicling the history of the black studies major at Grinnell College, with an emphasis on the reasons it had such a short career. It also provides an overview of the CBS Manifesto of 1971.",Life at Grinnell for Black Students;Black Manifesto Demands,,"Grinnell, IA",,,Grinnell College,grinnell:10568,text; research paper,text/tiff,eng,"Copyright to this work is held by the author(s), in accordance with United States copyright law (USC 17). Readers of this work have certain rights as defined by the law, including but not limited to fair use (17 USC 107 et seq.).",,image,https://dgobjects.blob.core.windows.net/objs/grinnell_10568_OBJ.tiff,https://dgobjects.blob.core.windows.net/smalls/grinnell_10568_JPG.jpg,https://dgobjects.blob.core.windows.net/thumbs/grinnell_10568_TN.jpg,,,,,
grinnell_19465,20,,,Brenda Thomas '69,"Figa, Alenka '12; Galloway, Lily '17; McFate, Mackenzie '18",2012-06-02,"Alumni oral history interview with Brenda Thomas '69. Recorded June 2, 2012.",Life at Grinnell for Black Students,Brenda Thomas '69,"Grinnell, IA",,,Grinnell College,grinnell:19465,interview;sound recording-nonmusical,audio/mp3,eng,"Copyright to this work is held by the author(s), in accordance with United States copyright law (USC 17). Readers of this work have certain rights as defined by the law, including but not limited to fair use (17 USC 107 et seq.).",,audio,,,,,,,,
grinnell_31972,21,,,"Burling Library Takeover Commemoration, 2006",,2006,This photograph was taken in 2006 at an event commemorating the 1971 takeover of Burling Library by CBS (Concerned Black Students).,Burling Take Over Commermorations;Burling Library;Concerned Black Students (CBS);Black Library,,"Grinnell, IA",41.74665973,-92.72017393,Grinnell College,grinnell;31972,Image;StillImage,image/tiff,eng,"Copyright to this work is held by the author(s), in accordance with United States copyright law (USC 17). Readers of this work have certain rights as defined by the law, including but not limited to fair use (17 USC 107 et seq.).",,image,https://dgobjects.blob.core.windows.net/objs/grinnell_31972_OBJ.jpg,,https://dgobjects.blob.core.windows.net/thumbs/grinnell_31972_TN.jpg,,,,,
dg_1711472907,22,,Was compound object grinnell:4932 converted to multi-page PDF,CBS Manifesto and Minutes of Faculty Meeting regarding the Manifesto,Concerned Black Students,1971-11-29,"This includes two versions of the Concerned Black Students' (CBS) Manifesto, the second of which was submitted to the college as a list of demands on the part of black students on campus. A special faculty meeting was held to discuss the demands, the minutes from which also appear here.",Burling Library Take Over of '71 & '72;Black Manifesto Demands;Concerned Black Students (CBS);Black Library,"Glenn Leggett, Grinnell President  1965-1975;  Waldo “Wally” Walker, Dean; Lawrence Wright","Grinnell, IA",41.74665973,-92.72017393,Grinnell College,grinnell:10547,text; miscellaneous document,application/pdf,eng,"Copyright to this work is held by the author(s), in accordance with United States copyright law (USC 17). Readers of this work have certain rights as defined by the law, including but not limited to fair use (17 USC 107 et seq.).",,pdf,https://dgobjects.blob.core.windows.net/objs/dg_1711472907_OBJ.pdf,https://dgobjects.blob.core.windows.net/smalls/dg_1711472907_JPG.jpg,https://dgobjects.blob.core.windows.net/thumbs/dg_1711472907_TN.jpg,,,,,
grinnell_5001,23,,,"CBS Cheerleaders, 1968",,1968,"Photo of CBS cheerleaders, 1968. Front to back: Micki Weston, Unknown, Shirley, Linda Copeland.",Concerned Black Students (CBS),Micki Weston; Linda Copeland '72,"Grinnell, IA",,,Grinnell College,grinnell:5001,Image;StillImage,image/tiff,eng,"Copyright to this work is held by the author(s), in accordance with United States copyright law (USC 17). Readers of this work have certain rights as defined by the law, including but not limited to fair use (17 USC 107 et seq.).",,image,https://dgobjects.blob.core.windows.net/objs/grinnell_5001_OBJ.tiff,https://dgobjects.blob.core.windows.net/smalls/grinnell_5001_JPG.jpg,https://dgobjects.blob.core.windows.net/thumbs/grinnell_5001_TN.jpg,,,,,
grinnell_1890,24,,,Information Concerning Grinnell College's Buildings And Facilities Including Facts Related To Its History,"Walker, Waldo S.",1997-09-03,"A timeline of facts related to Grinnell College history, including enrollment, tuition, and building information. Includes information on guest speakers on campus, student activism, and the Burling Library Take Over",Burling Library;Burling Library Take Over of '71 & '72,,"Grinnell, IA",41.74665973,-92.72017393,Grinnell College,grinnell:1890,text; miscellaneous document,application/pdf,eng,"Copyright to this work is held by the author(s), in accordance with United States copyright law (USC 17). Readers of this work have certain rights as defined by the law, including but not limited to fair use (17 USC 107 et seq.).",,pdf,https://dgobjects.blob.core.windows.net/objs/grinnell_1890_OBJ.pdf,,https://dgobjects.blob.core.windows.net/thumbs/grinnell_1890_TN.jpg,,,,,
grinnell_23385,25,,,"Jon Royal '70, Diane Alters '71, Mary Brooner '71 & Sheena Thomas '71","Elias, Benyamin '15;McFate, Mackenzie '18; 	Maly, Nancy '61 ",2015-05-29,"Alumni oral history interview with Jon Royal '70, Diane Alters '71, Mary Brooner '71 & Sheena Thomas '71. Recorded May 29, 2015. These students were a part of an exchange program with the Historically Black College (HBCU) LeMoyne-Owen College. ",Life at Grinnell for Black Students,,"Grinnell, IA",,,Grinnell College,grinnell:23385,interview;sound recording-nonmusical,audio/mp3,eng,"Copyright to this work is held by the author(s), in accordance with United States copyright law (USC 17). Readers of this work have certain rights as defined by the law, including but not limited to fair use (17 USC 107 et seq.).",,audio,,,,,,,,
grinnell_34345,26,,,"Pterodactyl April 30, 1968",,1968-04-30,"The Pterodactyl was an underground student newspaper published between February 8, 1968 and November 1969. This issue contained an article ""What We Ought To Do"" (page 2 & 18) that includes information about the situation for Black faculty, staff and students at Grinnell and a photo of CBS. ",Concerned Black Students (CBS);Life at Grinnell for Black Students,,"Grinnell, IA",,,Grinnell College,grinnell:34345,mixed material; text,application/pdf,eng,"Copyright to this work is held by the author(s), in accordance with United States copyright law (USC 17). Readers of this work have certain rights as defined by the law, including but not limited to fair use (17 USC 107 et seq.).",,pdf,,,https://dgobjects.blob.core.windows.net/thumbs/grinnell_34345_TN.jpg,,,,,
grinnell_34341,27,,,"Pterodactyl September 23, 1968",,1968-09-23,"The Pterodactyl was an underground student newspaper published between February 8, 1968 and November 1969. On page 6 of this issue, there is an article on the Concerned Black Students (CBS) meeting that stated an a series of objectives including “Project 7-A Black Library to be in-corporated as a part (permanent) or Burling or a separate library. This will 1nolude works by Black writers” ",Concerned Black Students (CBS);Burling Library;Black Library,Ernest T. Weston ‘71; Debbie Green; Merryll Penson; Frank Thomas; Gregg Coggs '69,"Grinnell, IA",41.74665973,-92.72017393,Grinnell College,grinnell:34341,mixed material; text,application/pdf,eng,"Copyright to this work is held by the author(s), in accordance with United States copyright law (USC 17). Readers of this work have certain rights as defined by the law, including but not limited to fair use (17 USC 107 et seq.).",,pdf,https://dgobjects.blob.core.windows.net/objs/grinnell_34341_OBJ.pdf,,https://dgobjects.blob.core.windows.net/thumbs/grinnell_34341_TN.jpg,,,,,
grinnell_20022,28,,,The Liberal Arts College in a World of Change,,1967-10,"The program for the closing event of a three-day long convocation, ""The Liberal Arts College in a World of Change.""",Life at Grinnell for Black Students,,"Grinnell, IA",41.75272009,92.71771508,Grinnell College,grinnell:20022,text;program,reformated digital; pdf,eng,"Copyright to this work is held by the author(s), in accordance with United States copyright law (USC 17). Readers of this work have certain rights as defined by the law, including but not limited to fair use (17 USC 107 et seq.).",,pdf,https://dgobjects.blob.core.windows.net/objs/grinnell_20022_OBJ.pdf,,https://dgobjects.blob.core.windows.net/thumbs/grinnell_20022_TN.jpg,,,,,
grinnell_4963,29,,"This is a compound parent with 3 .tiff children, grinnell:10610-10612","Black Martyrs' Weekend 1978 (April 22, 1978) - 3 Photos",,1978-04-22,"Photographs of the 1978 Black Martyrs' Weekend, which included Angela Davis as a speaker.",Life at Grinnell for Black Students;Concerned Black Students (CBS),,"Grinnell, IA",,,Grinnell College,grinnell:4963,Image;StillImage,image/tiff,eng,"Copyright to this work is held by the author(s), in accordance with United States copyright law (USC 17). Readers of this work have certain rights as defined by the law, including but not limited to fair use (17 USC 107 et seq.).",,compound_object,,,,,,,,
grinnell_10610,30,grinnell_4963,,"Black Martyrs' Weekend 1978 (April 22, 1978) - 1/3",,1978-04-22,Photograph of the 1978 Black Martyrs' Weekend.,Life at Grinnell for Black Students;Concerned Black Students (CBS),,"Grinnell, IA",,,Grinnell College,grinnell:10610,Image;StillImage,image/tiff,eng,"Copyright to this work is held by the author(s), in accordance with United States copyright law (USC 17). Readers of this work have certain rights as defined by the law, including but not limited to fair use (17 USC 107 et seq.).",,image,https://dgobjects.blob.core.windows.net/objs/grinnell_10610_OBJ.tiff,https://dgobjects.blob.core.windows.net/smalls/grinnell_10610_JPG.jpg,https://dgobjects.blob.core.windows.net/thumbs/grinnell_10610_TN.jpg,,,,,
grinnell_10611,31,grinnell_4963,,"Black Martyrs' Weekend 1978 (April 22, 1978) - 2/3",,1978-04-22,Photograph of the 1978 Black Martyrs' Weekend.,Life at Grinnell for Black Students;Concerned Black Students (CBS),,"Grinnell, IA",,,Grinnell College,grinnell:10611,Image;StillImage,image/tiff,eng,"Copyright to this work is held by the author(s), in accordance with United States copyright law (USC 17). Readers of this work have certain rights as defined by the law, including but not limited to fair use (17 USC 107 et seq.).",,image,https://dgobjects.blob.core.windows.net/objs/grinnell_10611_OBJ.tiff,https://dgobjects.blob.core.windows.net/smalls/grinnell_10611_JPG.jpg,https://dgobjects.blob.core.windows.net/thumbs/grinnell_10611_TN.jpg,,,,,
grinnell_10612,32,grinnell_4963,,"Black Martyrs' Weekend 1978 (April 22, 1978) - 3/3 ",,1978-04-22,Photograph of the 1978 Black Martyrs' Weekend.,Life at Grinnell for Black Students;Concerned Black Students (CBS),,"Grinnell, IA",,,Grinnell College,grinnell:10612,Image;StillImage,image/tiff,eng,"Copyright to this work is held by the author(s), in accordance with United States copyright law (USC 17). Readers of this work have certain rights as defined by the law, including but not limited to fair use (17 USC 107 et seq.).",,image,https://dgobjects.blob.core.windows.net/objs/grinnell_10612_OBJ.tiff,https://dgobjects.blob.core.windows.net/smalls/grinnell_10612_JPG.jpg,https://dgobjects.blob.core.windows.net/thumbs/grinnell_10612_TN.jpg,,,,,
grinnell_4957,33,,"This is a compound parent with 12 .tiff children, grinnell:10556-10567","Black Martyrs' Weekend (April 28-30, 1972) - 12 Photos",,1972-04-28,"This is a series of photographs taken during Grinnell's Black Martyr's Weekend, April 28-30, 1972.",Life at Grinnell for Black Students;Concerned Black Students (CBS),,"Grinnell, IA",,,Grinnell College,grinnell:4957,Image;StillImage,image/tiff,eng,"Copyright to this work is held by the author(s), in accordance with United States copyright law (USC 17). Readers of this work have certain rights as defined by the law, including but not limited to fair use (17 USC 107 et seq.).",,compound_object,,,,,,,,
grinnell_10556,34,grinnell_4957,,"Black Martyrs' Weekend (April 28-30, 1972) - 1/12",,1972-04-28,"A photograph taken during Grinnell's Black Martyr's Weekend, April 28-30, 1972.",Life at Grinnell for Black Students;Concerned Black Students (CBS),,"Grinnell, IA",,,Grinnell College,grinnell:10556,Image;StillImage,image/tiff,eng,"Copyright to this work is held by the author(s), in accordance with United States copyright law (USC 17). Readers of this work have certain rights as defined by the law, including but not limited to fair use (17 USC 107 et seq.).",,image,https://dgobjects.blob.core.windows.net/objs/grinnell_10556_OBJ.tiff,https://dgobjects.blob.core.windows.net/smalls/grinnell_10556_JPG.jpg,https://dgobjects.blob.core.windows.net/thumbs/grinnell_10556_TN.jpg,,,,,
grinnell_10557,35,grinnell_4957,,"Black Martyrs' Weekend (April 28-30, 1972) - 2/12",,1972-04-28,"A photograph taken during Grinnell's Black Martyr's Weekend, April 28-30, 1972.",Life at Grinnell for Black Students;Concerned Black Students (CBS),,"Grinnell, IA",,,Grinnell College,grinnell:10557,Image;StillImage,image/tiff,eng,"Copyright to this work is held by the author(s), in accordance with United States copyright law (USC 17). Readers of this work have certain rights as defined by the law, including but not limited to fair use (17 USC 107 et seq.).",,image,https://dgobjects.blob.core.windows.net/objs/grinnell_10557_OBJ.tiff,https://dgobjects.blob.core.windows.net/smalls/grinnell_10557_JPG.jpg,https://dgobjects.blob.core.windows.net/thumbs/grinnell_10557_TN.jpg,,,,,
grinnell_10558,36,grinnell_4957,,"Black Martyrs' Weekend (April 28-30, 1972) - 3/12",,1972-04-28,"A photograph taken during Grinnell's Black Martyr's Weekend, April 28-30, 1972.",Life at Grinnell for Black Students;Concerned Black Students (CBS),,"Grinnell, IA",,,Grinnell College,grinnell:10558,Image;StillImage,image/tiff,eng,"Copyright to this work is held by the author(s), in accordance with United States copyright law (USC 17). Readers of this work have certain rights as defined by the law, including but not limited to fair use (17 USC 107 et seq.).",,image,https://dgobjects.blob.core.windows.net/objs/grinnell_10558_OBJ.tiff,https://dgobjects.blob.core.windows.net/smalls/grinnell_10558_JPG.jpg,https://dgobjects.blob.core.windows.net/thumbs/grinnell_10558_TN.jpg,,,,,
grinnell_10559,37,grinnell_4957,,"Black Martyrs' Weekend (April 28-30, 1972) - 4/12",,1972-04-28,"A photograph taken during Grinnell's Black Martyr's Weekend, April 28-30, 1972.",Life at Grinnell for Black Students;Concerned Black Students (CBS),,"Grinnell, IA",,,Grinnell College,grinnell:10559,Image;StillImage,image/tiff,eng,"Copyright to this work is held by the author(s), in accordance with United States copyright law (USC 17). Readers of this work have certain rights as defined by the law, including but not limited to fair use (17 USC 107 et seq.).",,image,https://dgobjects.blob.core.windows.net/objs/grinnell_10559_OBJ.tiff,https://dgobjects.blob.core.windows.net/smalls/grinnell_10559_JPG.jpg,https://dgobjects.blob.core.windows.net/thumbs/grinnell_10559_TN.jpg,,,,,
grinnell_10560,38,grinnell_4957,,"Black Martyrs' Weekend (April 28-30, 1972) - 5/12",,1972-04-28,"A photograph taken during Grinnell's Black Martyr's Weekend, April 28-30, 1972.",Life at Grinnell for Black Students;Concerned Black Students (CBS),,"Grinnell, IA",,,Grinnell College,grinnell:10560,Image;StillImage,image/tiff,eng,"Copyright to this work is held by the author(s), in accordance with United States copyright law (USC 17). Readers of this work have certain rights as defined by the law, including but not limited to fair use (17 USC 107 et seq.).",,image,https://dgobjects.blob.core.windows.net/objs/grinnell_10560_OBJ.tiff,https://dgobjects.blob.core.windows.net/smalls/grinnell_10560_JPG.jpg,https://dgobjects.blob.core.windows.net/thumbs/grinnell_10560_TN.jpg,,,,,
grinnell_10561,39,grinnell_4957,,"Black Martyrs' Weekend (April 28-30, 1972) - 6/12",,1972-04-28,"A photograph taken during Grinnell's Black Martyr's Weekend, April 28-30, 1972.",Life at Grinnell for Black Students;Concerned Black Students (CBS),,"Grinnell, IA",,,Grinnell College,grinnell:10561,Image;StillImage,image/tiff,eng,"Copyright to this work is held by the author(s), in accordance with United States copyright law (USC 17). Readers of this work have certain rights as defined by the law, including but not limited to fair use (17 USC 107 et seq.).",,image,https://dgobjects.blob.core.windows.net/objs/grinnell_10561_OBJ.tiff,https://dgobjects.blob.core.windows.net/smalls/grinnell_10561_JPG.jpg,https://dgobjects.blob.core.windows.net/thumbs/grinnell_10561_TN.jpg,,,,,
grinnell_10562,40,grinnell_4957,,"Black Martyrs' Weekend (April 28-30, 1972) - 7/12",,1972-04-28,"A photograph taken during Grinnell's Black Martyr's Weekend, April 28-30, 1972.",Life at Grinnell for Black Students;Concerned Black Students (CBS),,"Grinnell, IA",,,Grinnell College,grinnell:10562,Image;StillImage,image/tiff,eng,"Copyright to this work is held by the author(s), in accordance with United States copyright law (USC 17). Readers of this work have certain rights as defined by the law, including but not limited to fair use (17 USC 107 et seq.).",,image,https://dgobjects.blob.core.windows.net/objs/grinnell_10562_OBJ.tiff,https://dgobjects.blob.core.windows.net/smalls/grinnell_10562_JPG.jpg,https://dgobjects.blob.core.windows.net/thumbs/grinnell_10562_TN.jpg,,,,,
grinnell_10563,41,grinnell_4957,,"Black Martyrs' Weekend (April 28-30, 1972) - 8/12",,1972-04-28,"A photograph taken during Grinnell's Black Martyr's Weekend, April 28-30, 1972.",Life at Grinnell for Black Students;Concerned Black Students (CBS),,"Grinnell, IA",,,Grinnell College,grinnell:10563,Image;StillImage,image/tiff,eng,"Copyright to this work is held by the author(s), in accordance with United States copyright law (USC 17). Readers of this work have certain rights as defined by the law, including but not limited to fair use (17 USC 107 et seq.).",,image,https://dgobjects.blob.core.windows.net/objs/grinnell_10563_OBJ.tiff,https://dgobjects.blob.core.windows.net/smalls/grinnell_10563_JPG.jpg,https://dgobjects.blob.core.windows.net/thumbs/grinnell_10563_TN.jpg,,,,,
grinnell_10564,42,grinnell_4957,,"Black Martyrs' Weekend (April 28-30, 1972) - 9/12",,1972-04-28,"A photograph taken during Grinnell's Black Martyr's Weekend, April 28-30, 1972.",Life at Grinnell for Black Students;Concerned Black Students (CBS),,"Grinnell, IA",,,Grinnell College,grinnell:10564,Image;StillImage,image/tiff,eng,"Copyright to this work is held by the author(s), in accordance with United States copyright law (USC 17). Readers of this work have certain rights as defined by the law, including but not limited to fair use (17 USC 107 et seq.).",,image,https://dgobjects.blob.core.windows.net/objs/grinnell_10564_OBJ.tiff,https://dgobjects.blob.core.windows.net/smalls/grinnell_10564_JPG.jpg,https://dgobjects.blob.core.windows.net/thumbs/grinnell_10564_TN.jpg,,,,,
grinnell_10565,43,grinnell_4957,,"Black Martyrs' Weekend (April 28-30, 1972) - 10/12",,1972-04-28,"A photograph taken during Grinnell's Black Martyr's Weekend, April 28-30, 1972.",Life at Grinnell for Black Students;Concerned Black Students (CBS),,"Grinnell, IA",,,Grinnell College,grinnell:10565,Image;StillImage,image/tiff,eng,"Copyright to this work is held by the author(s), in accordance with United States copyright law (USC 17). Readers of this work have certain rights as defined by the law, including but not limited to fair use (17 USC 107 et seq.).",,image,https://dgobjects.blob.core.windows.net/objs/grinnell_10565_OBJ.tiff,https://dgobjects.blob.core.windows.net/smalls/grinnell_10565_JPG.jpg,https://dgobjects.blob.core.windows.net/thumbs/grinnell_10565_TN.jpg,,,,,
grinnell_10566,44,grinnell_4957,,"Black Martyrs' Weekend (April 28-30, 1972) - 11/12",,1972-04-28,"A photograph taken during Grinnell's Black Martyr's Weekend, April 28-30, 1972.",Life at Grinnell for Black Students;Concerned Black Students (CBS),,"Grinnell, IA",,,Grinnell College,grinnell:10566,Image;StillImage,image/tiff,eng,"Copyright to this work is held by the author(s), in accordance with United States copyright law (USC 17). Readers of this work have certain rights as defined by the law, including but not limited to fair use (17 USC 107 et seq.).",,image,https://dgobjects.blob.core.windows.net/objs/grinnell_10566_OBJ.tiff,https://dgobjects.blob.core.windows.net/smalls/grinnell_10566_JPG.jpg,https://dgobjects.blob.core.windows.net/thumbs/grinnell_10566_TN.jpg,,,,,
grinnell_10567,45,grinnell_4957,,"Black Martyrs' Weekend (April 28-30, 1972) - 12/12",,1972-04-28,"A photograph taken during Grinnell's Black Martyr's Weekend, April 28-30, 1972.",Life at Grinnell for Black Students;Concerned Black Students (CBS),,"Grinnell, IA",,,Grinnell College,grinnell:10567,Image;StillImage,image/tiff,eng,"Copyright to this work is held by the author(s), in accordance with United States copyright law (USC 17). Readers of this work have certain rights as defined by the law, including but not limited to fair use (17 USC 107 et seq.).",,image,https://dgobjects.blob.core.windows.net/objs/grinnell_10567_OBJ.tiff,https://dgobjects.blob.core.windows.net/smalls/grinnell_10567_JPG.jpg,https://dgobjects.blob.core.windows.net/thumbs/grinnell_10567_TN.jpg,,,,,
grinnell_4961,46,,,"Black Martyrs' Weekend (April 4, 1970)",,1970-04-04,"Photograph of Lonnie Peek Jr. speaking at the Black Martyrs' Convocation on April 4, 1970.",Life at Grinnell for Black Students;Concerned Black Students (CBS),,"Grinnell, IA",,,Grinnell College,grinnell:4961,Image;StillImage,image/tiff,eng,"Copyright to this work is held by the author(s), in accordance with United States copyright law (USC 17). Readers of this work have certain rights as defined by the law, including but not limited to fair use (17 USC 107 et seq.).",,image,https://dgobjects.blob.core.windows.net/objs/grinnell_4961_OBJ.tiff,https://dgobjects.blob.core.windows.net/smalls/grinnell_4961_JPG.jpg,https://dgobjects.blob.core.windows.net/thumbs/grinnell_4961_TN.jpg,,,,,
grinnell_31973,47,,,"Burling Library Takeover Commemoration, 2006",,2006-12-05,"Students commemorate the1971 takeover of Burling Library. December 5, 2006.",Burling Take Over Commermorations;Burling Library;Black Library,,"Grinnell, IA",41.74665973,-92.72017393,Grinnell College,grinnell:31973,Image;StillImage,image/tiff,eng,"Copyright to this work is held by the author(s), in accordance with United States copyright law (USC 17). Readers of this work have certain rights as defined by the law, including but not limited to fair use (17 USC 107 et seq.).",,image,https://dgobjects.blob.core.windows.net/objs/grinnell_31973_OBJ.jpg,,https://dgobjects.blob.core.windows.net/thumbs/grinnell_31973_TN.jpg,,,,,
grinnell_12935,48,,,Gregory Coggs and Frank Thomas at the Black Cultural Center,,1969,"Left to right: Gregory M. Coggs, class of 1970, and Frank E. Thomas, class of 1971, sitting on the front step of the Black Cultural Center (BBC), May 1970.",Concerned Black Students (CBS);Life at Grinnell for Black Students;Black Manifesto Demands,Gregg Coggs '69; Frank Thomas '71,"Grinnell, IA",41.74665973,-92.72017393,Grinnell College,grinnell:12935,Image;StillImage,image/tiff,eng,"Copyright to this work is held by the author(s), in accordance with United States copyright law (USC 17). Readers of this work have certain rights as defined by the law, including but not limited to fair use (17 USC 107 et seq.).",,image,https://dgobjects.blob.core.windows.net/objs/grinnell_12935_OBJ.tiff,https://dgobjects.blob.core.windows.net/smalls/grinnell_12935_JPG.jpg,https://dgobjects.blob.core.windows.net/thumbs/grinnell_12935_TN.jpg,,,,,
dg_1711478420,49,,DELETE 'Was grinnell:4995 as compound of TIFF images. Converted to PDF.,Grinnell Black Alumni Newsletter 1975,,1975-04,Grinnell Black Alumni Newsletter Vol.2 No.2. Created with the CBS group,;;,,"Grinnell, IA",,,Grinnell College,grinnell:4995,newspaper;print,application/pdf,eng,"Copyright to this work is held by the author(s), in accordance with United States copyright law (USC 17). Readers of this work have certain rights as defined by the law, including but not limited to fair use (17 USC 107 et seq.).",,pdf,https://dgobjects.blob.core.windows.net/objs/dg_1711478420_OBJ.pdf,https://dgobjects.blob.core.windows.net/smalls/dg_1711478420_JPG.jpg,https://dgobjects.blob.core.windows.net/thumbs/dg_1711478420_TN.jpg,,,,,
grinnell_5821,50,,DELETE,J. Saunders Redding,"Mcmullin, Roger W.",1973-04-13,"Photo of J. Saunders Redding, English faculty, Cornell University speaking at Black Martyr's Week. ack row, from left to right: [unknown], Shirley Johnson Jones, Milton Rolland, Gwen Canter '75. Fron row, left to right: Cheryl Treadwell, Caneda Rolland Taylor. Lecturer is J. Sanders Redding.",Life at Grinnell for Black Students,Shirley M. Johnson '73; Milton P. Rolland '75; Gwen Carter '74; Careda Rolland '76; Cheryl Treadwell,"Grinnell, IA",,,Grinnell College,grinnell:5821,Image;StillImage,image/tiff,eng,"Copyright to this work is held by the author(s), in accordance with United States copyright law (USC 17). Readers of this work have certain rights as defined by the law, including but not limited to fair use (17 USC 107 et seq.).",,image,https://dgobjects.blob.core.windows.net/objs/grinnell_5821_OBJ.tiff,https://dgobjects.blob.core.windows.net/smalls/grinnell_5821_JPG.jpg,https://dgobjects.blob.core.windows.net/thumbs/grinnell_5821_TN.jpg,,,,,
grinnell_17282,51,,"DELETE A compound (multiple) parent with 2 children, a .tiff and identical .jpg","Skip Day, 1975","Mcmullin, Roger W.",1975-10-07,"Fall Slip Day, October 7, 1975. Young, Gifted, and Black Gospel Choir.",Life at Grinnell for Black Students,,"Grinnell, IA",41.74768813,-92.72151893,Grinnell College,grinnell:17282,Image;StillImage,image/tiff,eng,"Copyright to this work is held by the author(s), in accordance with United States copyright law (USC 17). Readers of this work have certain rights as defined by the law, including but not limited to fair use (17 USC 107 et seq.).",,multiple,,,https://dgobjects.blob.core.windows.net/thumbs/grinnell_17283_TN.jpg,,,,,
grinnell_17283,52,grinnell_17282,DELETE,"TIFF - Skip Day, 1975",,,,,,,,,,,,,,,,image,https://dgobjects.blob.core.windows.net/objs/grinnell_17283_OBJ.tiff,https://dgobjects.blob.core.windows.net/smalls/grinnell_17283_JPG.jpg,,,,,,
grinnell_17284,53,grinnell_17282,DELETE,"JPG - Skip Day, 1975",,,,,,,,,,,,,,,,image,https://dgobjects.blob.core.windows.net/objs/grinnell_17284_OBJ.jpg,https://dgobjects.blob.core.windows.net/objs/grinnell_17284_OBJ.jpg,,,,,,
grinnell_26673,54,,,"Young, Gifted, and Black Gospel Choir",,1975,"Students sing during a Young, Gifted, and Black Gospel Choir performance. Bottom Row, Left to Right: Sybill Scott; Arlene Colvin; Shelly?; Richard Patterson?. Top Row Left to Right: Careda Rolland in the glasses; Ricky Stokes, Greg Lee?; Onishous Jones(OJ; Unknown; Dibbs.",Life at Grinnell for Black Students,Careda Rolland '76; Sybill Scott; Arlene Colvin; Ricky Stokes; Onishous Jones  ,"Grinnell, IA",,,Grinnell College,grinnell:26673,Image;StillImage,image/tiff,eng,"Copyright to this work is held by the author(s), in accordance with United States copyright law (USC 17). Readers of this work have certain rights as defined by the law, including but not limited to fair use (17 USC 107 et seq.).",,image,https://dgobjects.blob.core.windows.net/objs/grinnell_26673_OBJ.jpg,,https://dgobjects.blob.core.windows.net/thumbs/grinnell_26673_TN.jpg,,,,,
grinnell_12919,55,,,Students in Forum,,1969,Three African American students sit in the Forum. Likely early 1970s.,Life at Grinnell for Black Students,,"Grinnell, IA",41.74768813,-92.72151893,Grinnell College,grinnell:12919,Image;StillImage,image/tiff,eng,"Copyright to this work is held by the author(s), in accordance with United States copyright law (USC 17). Readers of this work have certain rights as defined by the law, including but not limited to fair use (17 USC 107 et seq.).",,image,https://dgobjects.blob.core.windows.net/objs/grinnell_12919_OBJ.tiff,https://dgobjects.blob.core.windows.net/smalls/grinnell_12919_JPG.jpg,https://dgobjects.blob.core.windows.net/thumbs/grinnell_12919_TN.jpg,,,,,
grinnell_5291,56,,,Burling interior,,1975-08,Photo of Burling Library interior.,Burling Library,,"Grinnell, IA",41.74665973,-92.72017393,Grinnell College,grinnell:5291,Image;StillImage,image/tiff,eng,"Copyright to this work is held by the author(s), in accordance with United States copyright law (USC 17). Readers of this work have certain rights as defined by the law, including but not limited to fair use (17 USC 107 et seq.).",,image,https://dgobjects.blob.core.windows.net/objs/grinnell_5291_OBJ.tiff,,https://dgobjects.blob.core.windows.net/thumbs/grinnell_5291_TN.jpg,,,,,
grinnell_5274,57,,,Burling pre-renovation,,1977-05,Photo of Burling library before renovation. featuring the 20th century room,Burling Library;Black Library,,"Grinnell, IA",41.74665973,-92.72017393,Grinnell College,grinnell:5274,Image;StillImage,image/tiff,eng,"Copyright to this work is held by the author(s), in accordance with United States copyright law (USC 17). Readers of this work have certain rights as defined by the law, including but not limited to fair use (17 USC 107 et seq.).",,image,https://dgobjects.blob.core.windows.net/objs/grinnell_5274_OBJ.tiff,https://dgobjects.blob.core.windows.net/smalls/grinnell_5274_JPG.jpg,https://dgobjects.blob.core.windows.net/thumbs/grinnell_5274_TN.jpg,,,,,
grinnell_5577,58,,,Math Homework in Burling,,1975,Photo of a student doing math homework in Burling Libary.,Burling Library;Life at Grinnell for Black Students,,"Grinnell, IA",41.74665973,-92.72017393,Grinnell College,grinnell:5577,Image;StillImage,image/tiff,eng,"Copyright to this work is held by the author(s), in accordance with United States copyright law (USC 17). Readers of this work have certain rights as defined by the law, including but not limited to fair use (17 USC 107 et seq.).",,image,https://dgobjects.blob.core.windows.net/objs/grinnell_5577_OBJ.tiff,https://dgobjects.blob.core.windows.net/smalls/grinnell_5577_JPG.jpg,https://dgobjects.blob.core.windows.net/thumbs/grinnell_5577_TN.jpg,,,,,
grinnell_5047,59,,,Questions,"Henry, George T.",1977-05,Photo of student studying in Burling '77-'78,Burling Library;Life at Grinnell for Black Students,,"Grinnell, IA",41.74665973,-92.72017393,Grinnell College,grinnell:5047,Image;StillImage,image/tiff,eng,"Copyright to this work is held by the author(s), in accordance with United States copyright law (USC 17). Readers of this work have certain rights as defined by the law, including but not limited to fair use (17 USC 107 et seq.).",,image,https://dgobjects.blob.core.windows.net/objs/grinnell_5047_OBJ.tiff,https://dgobjects.blob.core.windows.net/smalls/grinnell_5047_JPG.jpg,https://dgobjects.blob.core.windows.net/thumbs/grinnell_5047_TN.jpg,,,,,
grinnell_5276,60,,Isn't loading on ZealousRock instance,Twentieth Century Room,"Korab, Baltazar",1962-05,Photo of the Twentieth Century Room in Burling Library at Grinnell College.,Burling Library;Life at Grinnell for Black Students;Black Library,,"Grinnell, IA",41.74665973,-92.72017393,Grinnell College,grinnell:5276,Image;StillImage,image/tiff,eng,"Copyright to this work is held by the author(s), in accordance with United States copyright law (USC 17). Readers of this work have certain rights as defined by the law, including but not limited to fair use (17 USC 107 et seq.).",,image,https://dgobjects.blob.core.windows.net/objs/grinnell_5276_OBJ.tiff,,https://dgobjects.blob.core.windows.net/thumbs/grinnell_5276_TN.jpg,,,,,
grinnell_23628,61,,,"Commencement, 1972",,1972-05,Students and family at the 1972 Commencement. Robed graduates left to right: LuVernne Vann; Linda Copeland Rozell; Alan D. Wheat; Carl Brennan.,Life at Grinnell for Black Students,Linda Copeland '72;  LuVernne Vann '72; Alan (Al) D. Wheat '72; Carl Brennnan '72,"Grinnell, IA",,,Grinnell College,grinnell:23628,Image;StillImage,image/tiff,eng,"Copyright to this work is held by the author(s), in accordance with United States copyright law (USC 17). Readers of this work have certain rights as defined by the law, including but not limited to fair use (17 USC 107 et seq.).",,image,https://dgobjects.blob.core.windows.net/objs/grinnell_23628_OBJ.tiff,https://dgobjects.blob.core.windows.net/smalls/grinnell_23628_JPG.jpg,https://dgobjects.blob.core.windows.net/thumbs/grinnell_23628_TN.jpg,,,,,
grinnell_34002,62,,,"Commencement, 1975",,1975-05,"Milton ""Butch"" Rolland, class of 1975, left, and Barbara Critton, class of 1975, right, during commencement.",Life at Grinnell for Black Students,Milton P. Rolland '75;  Barbara L. Critton '75,"Grinnell, IA",,,Grinnell College,grinnell:34002,Image;StillImage,image/tiff,eng,"Copyright to this work is held by the author(s), in accordance with United States copyright law (USC 17). Readers of this work have certain rights as defined by the law, including but not limited to fair use (17 USC 107 et seq.).",,image,https://dgobjects.blob.core.windows.net/objs/grinnell_34002_OBJ.tiff,https://dgobjects.blob.core.windows.net/smalls/grinnell_34002_JPG.jpg,https://dgobjects.blob.core.windows.net/thumbs/grinnell_34002_TN.jpg,,,,,
grinnell_23551,63,,,Howie Ward with Pal,,1966,"Howie Ward with rat",Life at Grinnell for Black Students,Howard Ward ‘69,"Grinnell, IA",,,Grinnell College,grinnell:23551,Image;StillImage,image/tiff,eng,"Copyright to this work is held by the author(s), in accordance with United States copyright law (USC 17). Readers of this work have certain rights as defined by the law, including but not limited to fair use (17 USC 107 et seq.).",,image,https://dgobjects.blob.core.windows.net/objs/grinnell_23551_OBJ.tiff,https://dgobjects.blob.core.windows.net/smalls/grinnell_23551_JPG.jpg,https://dgobjects.blob.core.windows.net/thumbs/grinnell_23551_TN.jpg,,,,,
grinnell_26760,64,,,"New Student Days, 1975",,1975,New Student Days 1975: Auditorium.,Life at Grinnell for Black Students;Black Manifesto Demands,,"Grinnell, IA",,,Grinnell College,grinnell:26760,Image;StillImage,image/tiff,eng,"Copyright to this work is held by the author(s), in accordance with United States copyright law (USC 17). Readers of this work have certain rights as defined by the law, including but not limited to fair use (17 USC 107 et seq.).",,image,https://dgobjects.blob.core.windows.net/objs/grinnell_26760_OBJ.tiff,https://dgobjects.blob.core.windows.net/smalls/grinnell_26760_JPG.jpg,https://dgobjects.blob.core.windows.net/thumbs/grinnell_26760_TN.jpg,,,,,
grinnell_23648,65,,,Registration,,1974,Two unidentified students smile during registration.,Life at Grinnell for Black Students;Black Manifesto Demands,,"Grinnell, IA",,,Grinnell College,grinnell:23648,Image;StillImage,image/tiff,eng,"Copyright to this work is held by the author(s), in accordance with United States copyright law (USC 17). Readers of this work have certain rights as defined by the law, including but not limited to fair use (17 USC 107 et seq.).",,image,https://dgobjects.blob.core.windows.net/objs/grinnell_23648_OBJ.tiff,https://dgobjects.blob.core.windows.net/smalls/grinnell_23648_JPG.jpg,https://dgobjects.blob.core.windows.net/thumbs/grinnell_23648_TN.jpg,,,,,
grinnell_23553,66,,,Scienific Classroom,,1967,"Student, either Roy Walker or Hubert Farbes, using a microscope.",Life at Grinnell for Black Students;Black Manifesto Demands,Herbert Farbes ‘69; Roy Walker ‘69,"Grinnell, IA",,,Grinnell College,grinnell:23553,Image;StillImage,image/tiff,eng,"Copyright to this work is held by the author(s), in accordance with United States copyright law (USC 17). Readers of this work have certain rights as defined by the law, including but not limited to fair use (17 USC 107 et seq.).",,image,https://dgobjects.blob.core.windows.net/objs/grinnell_23553_OBJ.tiff,https://dgobjects.blob.core.windows.net/smalls/grinnell_23553_JPG.jpg,https://dgobjects.blob.core.windows.net/thumbs/grinnell_23553_TN.jpg,,,,,
grinnell_34465,67,,,Student Life,,,"Russell McGregor, class of 1973.",Life at Grinnell for Black Students;Concerned Black Students (CBS),Russell N. McGregor '73,"Grinnell, IA",,,Grinnell College,grinnell:34465,Image;StillImage,image/tiff,eng,"Copyright to this work is held by the author(s), in accordance with United States copyright law (USC 17). Readers of this work have certain rights as defined by the law, including but not limited to fair use (17 USC 107 et seq.).",,image,https://dgobjects.blob.core.windows.net/objs/grinnell_34465_OBJ.tiff,https://dgobjects.blob.core.windows.net/smalls/grinnell_34465_JPG.jpg,https://dgobjects.blob.core.windows.net/thumbs/grinnell_34465_TN.jpg,,,,,
grinnell_23620,68,,,Students at check in desk,,1973-08,Four students wait for information,Life at Grinnell for Black Students;Black Manifesto Demands,,"Grinnell, IA",,,Grinnell College,grinnell:23620,Image;StillImage,image/tiff,eng,"Copyright to this work is held by the author(s), in accordance with United States copyright law (USC 17). Readers of this work have certain rights as defined by the law, including but not limited to fair use (17 USC 107 et seq.).",,image,https://dgobjects.blob.core.windows.net/objs/grinnell_23620_OBJ.tiff,https://dgobjects.blob.core.windows.net/smalls/grinnell_23620_JPG.jpg,https://dgobjects.blob.core.windows.net/thumbs/grinnell_23620_TN.jpg,,,,,
grinnell_23622,69,,,Students chat,,1973-08,Two students chat during registration,Life at Grinnell for Black Students;Black Manifesto Demands,,"Grinnell, IA",,,Grinnell College,grinnell:23622,Image;StillImage,image/tiff,eng,"Copyright to this work is held by the author(s), in accordance with United States copyright law (USC 17). Readers of this work have certain rights as defined by the law, including but not limited to fair use (17 USC 107 et seq.).",,image,https://dgobjects.blob.core.windows.net/objs/grinnell_23622_OBJ.tiff,https://dgobjects.blob.core.windows.net/smalls/grinnell_23622_JPG.jpg,https://dgobjects.blob.core.windows.net/thumbs/grinnell_23622_TN.jpg,,,,,
grinnell_12933,70,,,"Students in Forum, 1973",,1973-12-12,"Students in the Forum, December 12, 1973. Clockwise: Carol R. Breazeal, class of 1975; Lawrence R. Huntoon, class of 1974; Artace L. Kelting, class of 1976; Phyllis E. Dawson, class of 1974; Craig D. Zippe, class of 1976",Life at Grinnell for Black Students,Phyllis E. Dawson '74,"Grinnell, IA",41.74768813,-92.72151893,Grinnell College,grinnell:12933,Image;StillImage,image/tiff,eng,"Copyright to this work is held by the author(s), in accordance with United States copyright law (USC 17). Readers of this work have certain rights as defined by the law, including but not limited to fair use (17 USC 107 et seq.).",,image,https://dgobjects.blob.core.windows.net/objs/grinnell_12933_OBJ.tiff,https://dgobjects.blob.core.windows.net/smalls/grinnell_12933_JPG.jpg,https://dgobjects.blob.core.windows.net/thumbs/grinnell_12933_TN.jpg,,,,,
grinnell_5894,71,,,South Campus dining hall,,1974,Students studying and eating in the dining hall on South Campus. One of the demands in the black manifesto focused on dining services. ,Life at Grinnell for Black Students;Black Manifesto Demands,,"Grinnell, IA",,,Grinnell College,grinnell:5894,Image;StillImage,image/tiff,eng,"Copyright to this work is held by the author(s), in accordance with United States copyright law (USC 17). Readers of this work have certain rights as defined by the law, including but not limited to fair use (17 USC 107 et seq.).",,image,https://dgobjects.blob.core.windows.net/objs/grinnell_5894_OBJ.tiff,,https://dgobjects.blob.core.windows.net/thumbs/grinnell_5894_TN.jpg,,,,,
grinnell_5045,72,,,Black Expressions 34,,1972-04,Photo of Allen S. Hammond '72 and Duane T. Taylor '73,Life at Grinnell for Black Students,Allen Hammond ‘72;  Duane Taylor '73,"Grinnell, IA",,,Grinnell College,grinnell:5045,Image;StillImage,image/tiff,eng,"Copyright to this work is held by the author(s), in accordance with United States copyright law (USC 17). Readers of this work have certain rights as defined by the law, including but not limited to fair use (17 USC 107 et seq.).",,image,https://dgobjects.blob.core.windows.net/objs/grinnell_5045_OBJ.tiff,https://dgobjects.blob.core.windows.net/smalls/grinnell_5045_JPG.jpg,https://dgobjects.blob.core.windows.net/thumbs/grinnell_5045_TN.jpg,,,,,
grinnell_5768,73,,,David Weston and Mary Gae Wyly in the Library,"Mcmullin, Roger W.",1972-04,"David Weston, class of 1973, and Mary Gae Wyly, reference librarian, looking through the library catalog. Wyly was reportedly one of the librarians who worked on reorganizing and expanding the Black Library. ",Burling Library;Black Manifesto Demands;Black Library,"Mae Gae Wyly, Librarian; David Weston '73","Grinnell, IA",41.74665973,-92.72017393,Grinnell College,grinnell:5768,Image;StillImage,image/tiff,eng,"Copyright to this work is held by the author(s), in accordance with United States copyright law (USC 17). Readers of this work have certain rights as defined by the law, including but not limited to fair use (17 USC 107 et seq.).",,image,https://dgobjects.blob.core.windows.net/objs/grinnell_5768_OBJ.tiff,https://dgobjects.blob.core.windows.net/smalls/grinnell_5768_JPG.jpg,https://dgobjects.blob.core.windows.net/thumbs/grinnell_5768_TN.jpg,,,,,
grinnell_5003,74,,,Irma McClaurin,"Sableman, Mark S.",1972,Photo of Irma McClaurin '72. McClaurin was an active member of CBS and participated in the Burling Library Take Over,Life at Grinnell for Black Students,Irma McClaurin '72,"Grinnell, IA",,,Grinnell College,grinnell:5003,Image;StillImage,image/tiff,eng,"Copyright to this work is held by the author(s), in accordance with United States copyright law (USC 17). Readers of this work have certain rights as defined by the law, including but not limited to fair use (17 USC 107 et seq.).",,image,https://dgobjects.blob.core.windows.net/objs/grinnell_5003_OBJ.tiff,https://dgobjects.blob.core.windows.net/smalls/grinnell_5003_JPG.jpg,https://dgobjects.blob.core.windows.net/thumbs/grinnell_5003_TN.jpg,,,,,
grinnell_5770,75,,DELETE,Mfon Sbangha,"Mcmullin, Roger W.",1972-04,"Mfon Sbangha, class of 1974, at a microscope.",Life at Grinnell for Black Students,,"Grinnell, IA",,,Grinnell College,grinnell:5770,Image;StillImage,image/tiff,eng,"Copyright to this work is held by the author(s), in accordance with United States copyright law (USC 17). Readers of this work have certain rights as defined by the law, including but not limited to fair use (17 USC 107 et seq.).",,image,https://dgobjects.blob.core.windows.net/objs/grinnell_5770_OBJ.tiff,https://dgobjects.blob.core.windows.net/smalls/grinnell_5770_JPG.jpg,https://dgobjects.blob.core.windows.net/thumbs/grinnell_5770_TN.jpg,,,,,
dg_1712600259,76,,Libby's additions,"""Negotiation On Black Demands Continues; Student Meetings Scheduled for Tonight"" Scarlet & Black Dec 1 1971 v80 n 15",Scarlet and Black,1971-12-01,"The Scarlet and Black front page from December 1st, 1971. The front article covers the different campus meetings that will discuss the demands made during the Burling Take Over. The article is accompanied with a photo taken outside the library during the Take Over, where the signs of the protesting students can be seen. This is possibly the only photo of the first Burling Library Take Over.  The article "" 'NBC' retracted"" reports on a racist flyer that satirized the Black Manifesto. ",Reactions to the Take Over;Burling Library Take Over of '71 & '72;Black Library,"Lawrence Wright; Virginius Thorton, Professor; Glenn Leggett, Grinnell President  1965-1975;  Waldo “Wally” Walker, Dean; Russell N. McGregor '73; Conney Kimbo, Dean of Students","Grinnell, IA",41.74665973,-92.72017393,Grinnell College,,Text; newspaper,application/pdf,eng,"Copyright to this work is held by the author(s), in accordance with United States copyright law (USC 17). Readers of this work have certain rights as defined by the law, including but not limited to fair use (17 USC 107 et seq.).",,pdf,https://dgobjects.blob.core.windows.net/objs/dg_1712600259,,,,,,,
dg_1712600260,77,,Libby's additions,"""Plan Black Library Expansion"" Scarlet & Black September 22, 1972",Scarlet and Black; ,1972-09-22,"This article reports that te library assembled 900+ books for the Black Library that will be housed in the 20th Century Room. Librarian Mary Gae Wyly is mentioned as the librarian primarily working on the collection. Other details include the collection development efforts, funding, potential events, and Leggat's guidelines for the space. Librarian Christopher Mckee is states that he would really appreciate suggestions for the library. A photo of the Black Library is included. ",Burling Library Take Over of '71 & '72;Black Manifesto Demands;Reactions to the Take Over;Black Library,"Mae Gae Wyly, Librarian; Glenn Leggett, Grinnell President  1965-1975; Virginius Thorton, Professor; Barry Huff '73; ","Grinnell, IA",41.74665973,-92.72017393,Grinnell College,,Text; newspaper,application/pdf,eng,"Copyright to this work is held by the author(s), in accordance with United States copyright law (USC 17). Readers of this work have certain rights as defined by the law, including but not limited to fair use (17 USC 107 et seq.).",,pdf,,,,,,,,
dg_1712600261,78,,Libby's additions,"""Enlarge the Black Library/"" Scarlet & Black Feburary  11 1972",Scarlet and Black; Martha Wacker,1972-02-11,The Scarlet and Black article  “Enlarge the black library?” discussed the debate around the size of the Black library collection and included a sketch of  three shelves the first iteration of the Black Library occupied. ,Burling Library;Black Manifesto Demands;Black Library,"Waldo “Wally” Walker, Dean; Russell N. McGregor '73; Virginius Thorton, Professor;  Conney Kimbo, Dean of Students","Grinnell, IA",41.74665973,-92.72017393,Grinnell College,,Text; newspaper,application/pdf,eng,"Copyright to this work is held by the author(s), in accordance with United States copyright law (USC 17). Readers of this work have certain rights as defined by the law, including but not limited to fair use (17 USC 107 et seq.).",,pdf,,,,,,,,
dg_1712600262,79,,Libby's additions,"""Blacks Commandeer Room in Burling"" Scarlet & Black, Feburary  18 1972",Scarlet and Black; ,1972-02-18,"Article covers the 2nd Library Take over. Main photo features Dean Walker addressing the students who were reshelving books in the Twentieth Century Room to protest the lack of a Black Library. Two other photos of students reshelving books and sitting in the 20th century room are included. The involvement of Professor Virginius Thorton is documented, as are his comments that he believed this action would lead to him being fired. ",Burling Library;Burling Library Take Over of '71 & '72;Black Manifesto Demands;Black Library,"Virginius Thorton, Professor;  Waldo “Wally” Walker, Dean; Russell N. McGregor '73; Alan (Al) D. Wheat '72; Lawrence Wright; Allen Hammond ‘72; Conney Kimbo, Dean of Students","Grinnell, IA",41.74665973,-92.72017393,Grinnell College,,Text; newspaper,application/pdf,eng,"Copyright to this work is held by the author(s), in accordance with United States copyright law (USC 17). Readers of this work have certain rights as defined by the law, including but not limited to fair use (17 USC 107 et seq.).",,pdf,,,,,,,,
dg_1712600263,80,dg_1712600262,Libby's additions,"Scarlet and Black , December 7,1971",Scarlet and Black; ,1971-12-07,"This issue of Scarlet and Black included several articles relating to the Burling Library Take Over. Entire issue is included to highlight how important this event was to the campus community. On page 1, ""Clarification and Interpretations of Week's Events"", ""Leggett, SGA Review Results"", ""Blacks, SGA Meet with Trustess"" and ""News Summary"".  On page 4, ""Leggett Statement on Black Agreements"", which includes a section on the insitution of a Black Library. on page 5, ""CBS Clarifies Positions to Students"", ""CBS Disclaims Recent Vandalism"". On page 7, "" Faculty Meeting; Approve Admissions Board"", Page 10 (listed as 25), letter to the editors title ""Blacks"". On Page 11 (listed as 35), ""Whites -- Aware of an Issue"". ",Burling Library Take Over of '71 & '72;Reactions to the Take Over;Concerned Black Students (CBS);Black Library,"Deborah Wright; Lawrence Wright; Alan (Al) D. Wheat '72; Russell N. McGregor '73; Ernest Rose ‘71; Marilyn Cubit; Marc Lafont; Dennis Moss '72; Glenn Leggett, Grinnell President  1965-1975;Mae Gae Wyly, Librarian; Ernest Rose ‘71; Marilyn Cubit; Alan (Al) D. Wheat '72","Grinnell, IA",41.74665973,-92.72017393,Grinnell College,,Text; newspaper,application/pdf,eng,"Copyright to this work is held by the author(s), in accordance with United States copyright law (USC 17). Readers of this work have certain rights as defined by the law, including but not limited to fair use (17 USC 107 et seq.).",,pdf,,,,,,,,
dg_1712600264,81,,Libby's additions,"""The S&B editorial: Black Library"" Scarlet & Black Feburary  18 1972, page 4",Scarlet and Black; ,1972-02-18,Includes Editorial about the Black Library that supports its creation. ,Burling Library;Black Manifesto Demands;Reactions to the Take Over;Black Library,,"Grinnell, IA",,,Grinnell College,,Text; newspaper,application/pdf,eng,"Copyright to this work is held by the author(s), in accordance with United States copyright law (USC 17). Readers of this work have certain rights as defined by the law, including but not limited to fair use (17 USC 107 et seq.).",,pdf,,,,,,,,
dg_1712600265,82,,Libby's additions,"Scarlet & Black Feburary 25, 1972 ",Scarlet and Black; ,1972-02-25,"Page 1: ""Propose Black Studies Major"". Page 2: ""Correct Story on Library"". Page 4: ""Ask For White Racial Awareness"", ""thorton Decries S&B Coverage"",  ""Lalonde Expand Library Statement"". Page 6: ""Wright Discusses Black Views"", ",Burling Library Take Over of '71 & '72;Burling Library;Reactions to the Take Over;Black Library,"Virginius Thorton, Professor;  Waldo “Wally” Walker, Dean; Irma McClaurin '72; Russell N. McGregor '73; Lawrence Wright;","Grinnell, IA",41.74665973,-92.72017393,Grinnell College,,Text; newspaper,application/pdf,eng,"Copyright to this work is held by the author(s), in accordance with United States copyright law (USC 17). Readers of this work have certain rights as defined by the law, including but not limited to fair use (17 USC 107 et seq.).",,pdf,,,,,,,,
dg_1712600267,83,,Libby's additions,"Scarlet & Black March 3, 1972",Scarlet and Black; ,1972-03-03,"Page 1: ""Library Circulation Rises"" , Page 5 ""Lessons from 2 Hot issues"", ""Mckee Named New Librarian"",. Page 7: ""Propose Small Black Library"" Article providing updates on the black library",Burling Library;Life at Grinnell for Black Students;Black Library,"Waldo “Wally” Walker, Dean;  Duane Taylor '73; Patricia Swansey '74; Glenn Leggett, Grinnell President  1965-1975; ","Grinnell, IA",41.74665973,-92.72017393,Grinnell College,,Text; newspaper,application/pdf,eng,"Copyright to this work is held by the author(s), in accordance with United States copyright law (USC 17). Readers of this work have certain rights as defined by the law, including but not limited to fair use (17 USC 107 et seq.).",,pdf,,,,,,,,
dg_1712600268,84,,Libby's additions,"""Barlow: Vibrant, Varied Emotions"" Scarlet and Black December 8 1972 page 2",Scarlet and Black; Irma McClaurin; Ben Z Dreen,1972-12-08,"""Barlow: Vibrant, Varied Emotions"" Article by Irma McClaurin about Barlow's public reading in the Black Library. Includes picture of the Black Library behind Barlow. ",Black Library;Life at Grinnell for Black Students,Irma McClaurin '72,"Grinnell, IA",41.74665973,-92.72017393,Grinnell College,,Text; newspaper,application/pdf,eng,"Copyright to this work is held by the author(s), in accordance with United States copyright law (USC 17). Readers of this work have certain rights as defined by the law, including but not limited to fair use (17 USC 107 et seq.).",,pdf,,,,,,,,
dg_1712600269,85,,Libby's additions,Burling library before the expansion-Renovation Dec 1981,Roger W McMullin,1981-12,View of the library with a student studying at a table,Burling Library,,"Grinnell, IA",41.74665973,-92.72017393,Grinnell College,,Image;StillImage,image/jpeg,eng,"Copyright to this work is held by the author(s), in accordance with United States copyright law (USC 17). Readers of this work have certain rights as defined by the law, including but not limited to fair use (17 USC 107 et seq.).",,,,,,,,,,
dg_1712600270,86,,Libby's additions,Black Expressions p.6,George T Henery,1969-04-12,Two black students studying in burling,Burling Library;Life at Grinnell for Black Students,,"Grinnell, IA",41.74665973,-92.72017393,Grinnell College,,Image;StillImage,image/jpeg,eng,"Copyright to this work is held by the author(s), in accordance with United States copyright law (USC 17). Readers of this work have certain rights as defined by the law, including but not limited to fair use (17 USC 107 et seq.).",,image,,,,,,,,
dg_1712600271,87,,Libby's additions,Black Martyrs' program April 28-30 1972,Jon Gray,,"Milton Rolland, Sybille Scott, and Diane Jones enjoy the Black Martyrs' program outside Burling",Life at Grinnell for Black Students,Milton P. Rolland '75; Sybill Scott; Dianne Jones,"Grinnell, IA",41.74665973,-92.72017393,Grinnell College,,Image;StillImage,image/jpeg,eng,"Copyright to this work is held by the author(s), in accordance with United States copyright law (USC 17). Readers of this work have certain rights as defined by the law, including but not limited to fair use (17 USC 107 et seq.).",,image,,,,,,,,
dg_1712600272,88,,Libby's additions - Should this be a compound? ,"Poetry Reading, Black Martyrs Weekend Burling",Roger W McMullin,1978-04-21,Jon Williams '80 stands front of the Black Library for a Poetry reading during Black Martyrs weekend in 1971. Terri Tiddle '79 and Tony Whitaber '80 are in the background. ,Black Library;Life at Grinnell for Black Students,,"Grinnell, IA",41.74665973,-92.72017393,Grinnell College,,Image;StillImage,image/jpeg,eng,"Copyright to this work is held by the author(s), in accordance with United States copyright law (USC 17). Readers of this work have certain rights as defined by the law, including but not limited to fair use (17 USC 107 et seq.).",,image,,,,,,,,
dg_1712600273,89,,Libby's additions - Should this be a compound? ,"Poetry Reading, Black Martyrs Weekend Burling (2)",Roger W McMullin,1978-04-21,Jon Williams '80 and Julie Rogers '80 sit in front of the Black Library for a Poetry reading,Black Library;Life at Grinnell for Black Students,,"Grinnell, IA",41.74665973,-92.72017393,Grinnell College,,Image;StillImage,image/jpeg,eng,"Copyright to this work is held by the author(s), in accordance with United States copyright law (USC 17). Readers of this work have certain rights as defined by the law, including but not limited to fair use (17 USC 107 et seq.).",,image,,,,,,,,
dg_1712600274,90,,Libby's additions,Burling Circulation Desk,George Photo,1983-02-10,Negative containing photo of David Weston working at the cirulation desk in Burling circa 1983,Burling Library;Life at Grinnell for Black Students,David Weston '73,"Grinnell, IA",41.74665973,-92.72017393,Grinnell College,,Image;StillImage,image/jpeg,eng,"Copyright to this work is held by the author(s), in accordance with United States copyright law (USC 17). Readers of this work have certain rights as defined by the law, including but not limited to fair use (17 USC 107 et seq.).",,image,,,,,,,,
dg_1712600275,91,,Libby's additions,Student in Burling Basement Study Room,Edward Hughes,1984,Photo of student studying in Burling basement with a book,Burling Library;Life at Grinnell for Black Students,,"Grinnell, IA",41.74665973,-92.72017393,Grinnell College,,Image;StillImage,image/jpeg,eng,"Copyright to this work is held by the author(s), in accordance with United States copyright law (USC 17). Readers of this work have certain rights as defined by the law, including but not limited to fair use (17 USC 107 et seq.).",,image,,,,,,,,
dg_1712600276,92,,Libby's additions,Burling Study Rooms,Edward Hughes,1984-10,Photo of student studying in Burling basement ,Burling Library;Life at Grinnell for Black Students,,"Grinnell, IA",41.74665973,-92.72017393,Grinnell College,,Image;StillImage,image/jpeg,eng,"Copyright to this work is held by the author(s), in accordance with United States copyright law (USC 17). Readers of this work have certain rights as defined by the law, including but not limited to fair use (17 USC 107 et seq.).",,image,,,,,,,,
dg_1712600278,93,,Libby's additions,2nd Take over of Burling Library 20th Century Room,,1972-02,Photo of Walker speaking to CBS students in the 20th century room,Burling Library Take Over of '71 & '72;Concerned Black Students (CBS);Burling Library," Waldo “Wally” Walker, Dean","Grinnell,IA",41.74665973,-92.72017393,Grinnell College,,Image;StillImage,image/jpeg,eng,"Copyright to this work is held by the author(s), in accordance with United States copyright law (USC 17). Readers of this work have certain rights as defined by the law, including but not limited to fair use (17 USC 107 et seq.).",,image,,,,,,,,
dg_1712600279,94,,Libby's additions,Letter to Patricia Swansey from President Leggett concerning the Black Library,,1972-04-19,"Leggett's response to the Black library proposal, addressed to CBS member Patricia Swansey",Black Library;Reactions to the Take Over;Concerned Black Students (CBS);Black Manifesto Demands,"Glenn Leggett, Grinnell President  1965-1975; Patricia Swansey '74","Grinnell,IA",,,,,text;scanned,application/pdf,eng,"Copyright to this work is held by the author(s), in accordance with United States copyright law (USC 17). Readers of this work have certain rights as defined by the law, including but not limited to fair use (17 USC 107 et seq.).",,pdf,,,,,,,,
dg_1712600280,95,,Libby's additions,Summary of Nov 29 Events by Office of College Relations,Office of College Relations,1971-12-01,Office of College Relations Memo covering the Burling Library Take Over,Burling Library Take Over of '71 & '72;Reactions to the Take Over,,"Grinnell,IA",,,Grinnell College,,text;scanned,application/pdf,eng,"Copyright to this work is held by the author(s), in accordance with United States copyright law (USC 17). Readers of this work have certain rights as defined by the law, including but not limited to fair use (17 USC 107 et seq.).",,pdf,,,,,,,,
dg_1712600281,96,,Libby's additions- Should this be a compound? ,Leggett's Draft Guidelines for the Black Library 4/12,Office of President Leggett,1972-04-12,Document outlining Leggetts plan for the Black Library,Burling Library;Black Library;Reactions to the Take Over;Black Manifesto Demands,"Glenn Leggett, Grinnell President  1965-1975","Grinnell,IA",,,Grinnell College,,text;scanned,application/pdf,eng,"Copyright to this work is held by the author(s), in accordance with United States copyright law (USC 17). Readers of this work have certain rights as defined by the law, including but not limited to fair use (17 USC 107 et seq.).",,pdf,,,,,,,,
dg_1712600282,97,,Libby's additions- Should this be a compound? ,Leggett's Draft Guidelines for the Black Library 4/8,Office of President Leggett,1972-04-08,An early draft outlining Leggett's plan for the Black Library,Burling Library Take Over of '71 & '72;Burling Library;Black Library;Black Manifesto Demands,"Glenn Leggett, Grinnell President  1965-1975","Grinnell,IA",,,Grinnell College,,text;scanned,application/pdf,eng,"Copyright to this work is held by the author(s), in accordance with United States copyright law (USC 17). Readers of this work have certain rights as defined by the law, including but not limited to fair use (17 USC 107 et seq.).",,pdf,,,,,,,,
dg_1712600283,98,,Libby's additions,The Institution of A Black Library,,1972,"A Memo about the black library discussions. Ms. Wyly was the point person for the Black library creation. Handwritten addtion on the letter reads ""Didn't mean to steal this - Wally"". The document is undated but was likely written in the spring semester of 1972",Burling Library Take Over of '71 & '72;Burling Library;Black Library;Black Manifesto Demands,"Mae Gae Wyly, Librarian ",,,,Grinnell College,,text;scanned,application/pdf,eng,"Copyright to this work is held by the author(s), in accordance with United States copyright law (USC 17). Readers of this work have certain rights as defined by the law, including but not limited to fair use (17 USC 107 et seq.).",,pdf,,,,,,,,
dg_1712600284,99,,Libby's additions,Memo from the Joint Board of House Presidents,Joint Board of House of Presidents,1971-11-29,"This memo was sent by the Joint Board of the House of Presidents after the Burling Take Over. It references the tensions on cmapus between black and white members of Grinnell, and that all member of the Grinnell college community should respect the nefotiations to alleviate the present tensions. The memo erronously refers to the ""NBC Manifesto"" instead of the ""CBS Manifesto"". ",Burling Library Take Over of '71 & '72;Reactions to the Take Over,,,,,Grinnell College,,text;scanned,application/pdf,eng,"Copyright to this work is held by the author(s), in accordance with United States copyright law (USC 17). Readers of this work have certain rights as defined by the law, including but not limited to fair use (17 USC 107 et seq.).",,pdf,,,,,,,,
dg_1712600285,100,,Libby's additions,Statement of Support from White Students,"David Mura, Rick Faust, Gordon Brown, Jim Gold, Judy Kressman",1971,"A statement supporting the ""Blacks"" and the Burling Take Over. signed by David Mura, Rick Faust, Gordon Brown, Jim Gold, Judy Kressman",Burling Library Take Over of '71 & '72;Reactions to the Take Over,,,,,Grinnell College,,text;scanned,application/pdf,eng,"Copyright to this work is held by the author(s), in accordance with United States copyright law (USC 17). Readers of this work have certain rights as defined by the law, including but not limited to fair use (17 USC 107 et seq.).",,pdf,,,,,,,,
dg_1712600286,101,,Libby's additions - Parent/child,FBI memos reflecting invesigations into Grinnell Students,,,The FBI invesigated students groups around the country as the conservative governemnt saw them as potential threats to national security. The files related to their investagations were released to a Freedom of Information Act (FOIA) request. ,Burling Library Take Over of '71 & '72;Reactions to the Take Over;Concerned Black Students (CBS),,,,,Grinnell College,,text;scanned,application/pdf,eng,"Copyright to this work is held by the author(s), in accordance with United States copyright law (USC 17). Readers of this work have certain rights as defined by the law, including but not limited to fair use (17 USC 107 et seq.).",,pdf,,,,,,,,
dg_1712600287,102,dg_1712600285,Libby's additions - Parent/child,FBI Memo: Black Student Demostration at Grinnell College,FBI,1971-11-30,FBI memo about the Burling Library Take over. Much of the information is redacted. ,Burling Library Take Over of '71 & '72;Reactions to the Take Over;Concerned Black Students (CBS);Burling Library,,,,,,,text;scanned,application/pdf,eng,"Copyright to this work is held by the author(s), in accordance with United States copyright law (USC 17). Readers of this work have certain rights as defined by the law, including but not limited to fair use (17 USC 107 et seq.).",,pdf,,,,,,,,
dg_1712600288,103,dg_1712600285,Libby's additions - Parent/child - Libby needs to rescan!! ,FBI Memo: Concerned Black Students ,FBI,1971-12-03,"FBI cover sheet for an enclosed eleven LHM summaries of CBS students. FBI Letter Head Memoranda (LHM) are documents containing potentially
derogatory information about the subject of the LHM. ",Burling Library Take Over of '71 & '72;Reactions to the Take Over;Concerned Black Students (CBS),,,,,,,text;scanned,application/pdf,eng,"Copyright to this work is held by the author(s), in accordance with United States copyright law (USC 17). Readers of this work have certain rights as defined by the law, including but not limited to fair use (17 USC 107 et seq.).",,pdf,,,,,,,,
dg_1712600289,104,dg_1712600285,Libby's additions - Parent/child - Libby needs to rescan!! ,FBI Memo: 157-542-E,FBI,,"FBI memo giving a brief overview of Grinnell College, including the fact that the college had about 50 Black students at the time. The memo states that the FBI will continue to monitor the activites of the Concerned Black Students organization",Concerned Black Students (CBS),,,,,,,text;scanned,application/pdf,eng,"Copyright to this work is held by the author(s), in accordance with United States copyright law (USC 17). Readers of this work have certain rights as defined by the law, including but not limited to fair use (17 USC 107 et seq.).",,pdf,,,,,,,,
dg_1712600290,105,dg_1712600285,Libby's additions - Parent/child ,FBI Memo: Concerned Black Students; Extremist Matters,FBI,1971-12-03,"FBI memo from the Director's office to the Omaha field office. The letter referes to the Burling Take Over but CBS and directs the office to re-open its investigations into the group to discover its leadship, aims, and objectives and activities.",Concerned Black Students (CBS),,,,,,,text;scanned,application/pdf,eng,"Copyright to this work is held by the author(s), in accordance with United States copyright law (USC 17). Readers of this work have certain rights as defined by the law, including but not limited to fair use (17 USC 107 et seq.).",,pdf,,,,,,,,
dg_1712600291,106,,Libby's additions - Should make or compound with other commermoration photo Parent/child ,"Young, Black and Gifted Choir preforms at the Burling Library Takeover Commemoration, 2006",,2006,"The Young, Black and Gifted Choir preforms at the 2006 commemoration of the Burling Library Take Over",Burling Take Over Commermorations;Burling Library,,"Grinnell,IA",41.74665973,-92.72017393,Grinnell College,,Image;StillImage,image/jpeg,eng,"Copyright to this work is held by the author(s), in accordance with United States copyright law (USC 17). Readers of this work have certain rights as defined by the law, including but not limited to fair use (17 USC 107 et seq.).",,image,,,,,,,,
,,,,,,,,,,,,,,,,,,,,,,,,,,,,
grinnell_10397,1,grinnell_10395,Libby's additions,The Life of a Library Text: Grinnell College's Black Library - Takeover Dance 1,"Stuhr, Rebecca;Jones, Phillip Wiley, Rod, Catherine",2010,"The Grinnell College Libraries, Black Library was created in response to a series of events and requests in the early 1970s. A celebrarion of the 30 year anniversary of the Black Library was held in 2010 with a Site Specific Dance",Burling Take Over Commermorations;Burling Library;Black Library,,"Grinnell,IA",41.74665973,-92.72017393,Grinnell College,grinnell:10397,video/x-ms-wmv,video/x-ms-wmv,eng,"Copyright to this work is held by the author(s), in accordance with United States copyright law (USC 17). Readers of this work have certain rights as defined by the law, including but not limited to fair use (17 USC 107 et seq.).",,compound_object,,,,,,,,
grinnell_10398,2,grinnell_10395,Libby's additions,The Life of a Library Text: Grinnell College's Black Library - Takeover Dance 2,"Stuhr, Rebecca;Jones, Phillip Wiley, Rod, Catherine",2010,"The Grinnell College Libraries, Black Library was created in response to a series of events and requests in the early 1970s. A celebrarion of the 30 year anniversary of the Black Library was held in 2010 with a Site Specific Dance",Burling Take Over Commermorations;Black Library;Burling Library,,"Grinnell,IA",41.74665973,-92.72017393,Grinnell College,grinnell:10398,video/x-ms-wmv,video/x-ms-wmv,eng,"Copyright to this work is held by the author(s), in accordance with United States copyright law (USC 17). Readers of this work have certain rights as defined by the law, including but not limited to fair use (17 USC 107 et seq.).",,compound_object,,,,,,,,
grinnell_10395,3,,Libby's additions,The Life of a Library Text: Grinnell College’s Black Library - Black Library Presentation,"Stuhr, Rebecca;Jones, Phillip Wiley, Rod, Catherine",2010,Presentation about the history of the Black Library by Grinnell  College Librarians ,Burling Take Over Commermorations;Burling Library Take Over of '71 & '72;Black Library,,"Grinnell,IA",41.74665973,-92.72017393,Grinnell College,grinnell:10395,multi media/slides,application/pdf,eng,"Copyright to this work is held by the author(s), in accordance with United States copyright law (USC 17). Readers of this work have certain rights as defined by the law, including but not limited to fair use (17 USC 107 et seq.).",,compound_object,,,,,,,,
grinnell_5105,,,Libby's additions,Barry Huff '73,,1971-11,"Photo of Barry Huff, class of 1973. Barry was a member of CBS  during his time at Grinnell College. ",Life at Grinnell for Black Students,Barry Huff '73,"Grinnell,IA",,,,grinnell:5105,Image;StillImage,,eng,"Copyright to this work is held by the author(s), in accordance with United States copyright law (USC 17). Readers of this work have certain rights as defined by the law, including but not limited to fair use (17 USC 107 et seq.).",,,,,,,,,,